{
  "sProcessing":   "Đang xử lý...",
  "sLengthMenu":   "Xem _MENU_ mục",
  "sZeroRecords":  "Không có dữ liệu hiển thị",
  "sInfo":         "Đang xem _START_ đến _END_ trong tổng số _TOTAL_ mục",
  "sInfoEmpty":    "Đang xem 0 đến 0 trong tổng số 0 mục",
  "sInfoFiltered": "(được lọc từ _MAX_ mục)",
  "sInfoPostFix":  "",
  "sSearch":       "Tìm:",
  "sUrl":          "",
  "oPaginate": {
    "sFirst":    "Đầu",
    "sPrevious": "Trước",
    "sNext":     "Tiếp",
    "sLast":     "Cuối"
  }
}